"Date","Price","Open","High","Low","Vol.","Change %"
"May 08, 2021","44.00990","43.00140","44.00990","43.00140","279.35K","2.35%"
"May 07, 2021","43.00140","43.44600","43.44600","43.00140","284.87K","-1.02%"
"May 06, 2021","43.44600","44.88330","44.88330","43.44600","276.99K","-3.20%"
"May 05, 2021","44.88330","42.70500","44.88330","42.70500","285.33K","5.10%"
"May 04, 2021","42.70500","45.90360","45.90360","42.70500","280.59K","-6.97%"
"May 03, 2021","45.90360","46.91280","46.91280","45.90360","297.97K","-2.15%"
"May 02, 2021","46.91280","49.60970","49.60970","46.91280","306.79K","-5.44%"
"May 01, 2021","49.60970","42.96670","49.60970","42.96670","295.74K","15.46%"
"Apr 30, 2021","42.96670","42.60140","42.96670","42.60140","282.99K","0.86%"
"Apr 29, 2021","42.60140","44.97630","44.97630","42.60140","287.20K","-5.28%"
"Apr 28, 2021","44.97630","43.26250","44.97630","43.26250","274.36K","3.96%"
"Apr 27, 2021","43.26250","43.89100","43.89100","43.26250","194.90K","-1.43%"
"Apr 26, 2021","43.89100","47.50720","47.50720","43.89100","278.36K","-7.61%"
"Apr 25, 2021","47.50720","40.69080","47.50720","40.69080","236.00K","16.75%"
"Apr 24, 2021","40.69080","37.07200","40.69080","37.07200","304.20K","9.76%"
"Apr 23, 2021","37.07200","38.87790","38.87790","37.07200","288.85K","-4.65%"
"Apr 22, 2021","38.87790","32.39760","38.87790","32.39760","280.02K","20.00%"
"Apr 21, 2021","32.39760","31.70960","32.39760","31.70960","292.40K","2.17%"
"Apr 20, 2021","31.70960","31.55950","31.70960","31.15670","267.71K","0.48%"
"Apr 19, 2021","31.55950","32.31220","32.31220","31.55950","298.42K","-2.33%"
"Apr 18, 2021","32.31220","24.87980","32.31220","24.87980","326.03K","29.87%"
"Apr 17, 2021","24.87980","25.38770","26.07550","24.87980","245.91K","-2.00%"
"Apr 16, 2021","25.38770","27.79050","27.79050","25.38770","276.10K","-8.65%"
"Apr 15, 2021","27.79050","26.46030","27.79050","26.46030","121.32K","5.03%"
"Apr 14, 2021","26.46030","27.46700","27.46700","26.46030","285.81K","-3.67%"
"Apr 13, 2021","27.46700","28.46250","28.46250","27.46700","276.52K","-3.50%"
"Apr 12, 2021","28.46250","27.80850","29.15280","27.80850","300.43K","2.35%"
"Apr 11, 2021","27.80850","26.77770","27.80850","26.77770","341.20K","3.85%"
"Apr 10, 2021","26.77770","27.73300","27.73300","26.77770","288.76K","-3.44%"
"Apr 09, 2021","27.73300","26.99750","27.73300","26.99750","287.41K","2.72%"
"Apr 08, 2021","26.99750","26.58910","27.35810","26.58910","287.71K","1.54%"
"Apr 07, 2021","26.58910","24.99560","26.58910","24.99560","269.37K","6.38%"
"Apr 06, 2021","24.99560","22.98200","24.99560","22.98200","292.70K","8.76%"
"Apr 05, 2021","22.98200","24.00120","24.00120","22.98200","306.79K","-4.25%"
"Apr 04, 2021","24.00120","22.40060","24.00120","22.40060","291.68K","7.15%"
"Apr 03, 2021","22.40060","19.76850","22.60300","19.76850","182.65K","13.31%"
"Apr 02, 2021","19.76850","19.01020","19.76850","19.01020","286.00K","3.99%"
"Apr 01, 2021","19.01020","19.44530","19.44530","19.01020","281.12K","-2.24%"
"Mar 31, 2021","19.44530","19.20850","19.47560","19.20850","287.57K","1.23%"
"Mar 30, 2021","19.20850","18.92150","20.26990","18.92150","291.40K","1.52%"
"Mar 29, 2021","18.92150","17.97350","18.92150","17.97350","292.53K","5.27%"
"Mar 28, 2021","17.97350","16.52020","17.97350","16.52020","277.91K","8.80%"
"Mar 27, 2021","16.52020","14.75040","16.52020","14.75040","278.38K","12.00%"
"Mar 26, 2021","14.75040","12.98280","14.75040","12.98280","281.26K","13.61%"
"Mar 25, 2021","12.98280","13.57710","13.57710","12.70990","282.27K","-4.38%"
"Mar 24, 2021","13.57710","14.18290","14.62130","13.57710","278.32K","-4.27%"
"Mar 23, 2021","14.18290","14.88530","14.88530","14.18290","284.85K","-4.72%"
"Mar 22, 2021","14.88530","14.34890","15.84180","14.34890","271.38K","3.74%"
"Mar 21, 2021","14.34890","14.21030","14.34890","14.21030","281.69K","0.98%"
"Mar 20, 2021","14.21030","14.14180","14.21030","14.14180","286.56K","0.48%"
"Mar 19, 2021","14.14180","14.21380","14.21380","14.14180","287.36K","-0.51%"
"Mar 18, 2021","14.21380","14.20480","14.21380","14.20480","293.61K","0.06%"
"Mar 17, 2021","14.20480","13.63680","14.20480","13.35700","408.15K","4.17%"
"Mar 16, 2021","13.63680","14.16550","14.16550","13.59400","579.62K","-3.73%"
"Mar 15, 2021","14.16550","14.51860","14.51860","14.11650","552.03K","-2.43%"
"Mar 14, 2021","14.51860","15.33150","15.33150","14.51860","559.76K","-5.30%"
"Mar 13, 2021","15.33150","14.58540","15.33150","14.58540","575.51K","5.12%"
"Mar 12, 2021","14.58540","16.02050","16.02050","14.58540","553.99K","-8.96%"
"Mar 11, 2021","16.02050","14.24040","16.02050","14.13150","574.40K","12.50%"
"Mar 10, 2021","14.24040","14.80720","14.80720","14.24040","554.64K","-3.83%"
"Mar 09, 2021","14.80720","13.62050","14.80720","13.62050","561.09K","8.71%"
"Mar 08, 2021","13.62050","13.78930","13.78930","13.62050","531.50K","-1.22%"
"Mar 07, 2021","13.78930","13.03290","13.78930","13.03290","576.66K","5.80%"
"Mar 06, 2021","13.03290","12.57550","13.03290","12.32920","517.89K","3.64%"
"Mar 05, 2021","12.57550","13.07970","13.07970","12.57550","553.74K","-3.85%"
"Mar 04, 2021","13.07970","14.10250","14.10250","13.05250","565.13K","-7.25%"
"Mar 03, 2021","14.10250","13.95810","14.10250","13.95810","546.91K","1.03%"
"Mar 02, 2021","13.95810","15.00180","15.00180","13.95810","586.27K","-6.96%"
"Mar 01, 2021","15.00180","15.02130","15.02130","14.92030","380.97K","-0.13%"
"Feb 28, 2021","15.02130","13.16360","15.02130","13.16360","510.49K","14.11%"
"Feb 27, 2021","13.16360","13.57890","13.57890","13.16360","556.83K","-3.06%"
"Feb 26, 2021","13.57890","13.90900","13.90900","13.57890","553.84K","-2.37%"
"Feb 25, 2021","13.90900","17.25560","17.25560","13.90900","547.22K","-19.39%"
"Feb 24, 2021","17.25560","15.14400","17.25560","15.14400","570.79K","13.94%"
"Feb 23, 2021","15.14400","14.46390","15.14400","12.29270","558.53K","4.70%"
"Feb 22, 2021","14.46390","11.07230","14.46390","9.92490","567.43K","30.63%"
"Feb 21, 2021","11.07230","9.99060","11.07230","9.99060","549.86K","10.83%"
"Feb 20, 2021","9.99060","11.47050","11.47050","9.99060","564.03K","-12.90%"
"Feb 19, 2021","11.47050","9.01700","11.47050","9.01700","575.55K","27.21%"
"Feb 18, 2021","9.01700","8.22700","9.01700","8.22700","558.09K","9.60%"
"Feb 17, 2021","8.22700","8.30170","8.30170","7.90000","597.89K","-0.90%"
"Feb 16, 2021","8.30170","8.86430","8.86430","8.30170","546.64K","-6.35%"
"Feb 15, 2021","8.86430","8.73070","9.00890","8.73070","568.31K","1.53%"
"Feb 14, 2021","8.73070","8.73180","8.73180","8.71060","549.26K","-0.01%"
"Feb 13, 2021","8.73180","9.22470","9.26810","8.73180","535.36K","-5.34%"
"Feb 12, 2021","9.22470","9.19460","9.22470","9.19460","582.69K","0.33%"
"Feb 11, 2021","9.19460","9.09620","9.19460","9.09620","483.90K","1.08%"
"Feb 10, 2021","9.09620","7.82910","9.09620","7.82910","539.42K","16.18%"
"Feb 09, 2021","7.82910","7.88270","7.88270","7.82910","563.64K","-0.68%"
"Feb 08, 2021","7.88270","6.70150","7.88270","6.70150","598.28K","17.63%"
"Feb 07, 2021","6.70150","6.10090","6.75290","6.10090","559.58K","9.84%"
"Feb 06, 2021","6.10090","6.70240","6.70240","6.10090","550.13K","-8.97%"
"Feb 05, 2021","6.70240","6.44510","6.89350","6.44510","545.11K","3.99%"
"Feb 04, 2021","6.44510","5.71170","6.44510","5.71170","554.47K","12.84%"
"Feb 03, 2021","5.71170","5.26570","5.71170","5.14850","578.67K","8.47%"
"Feb 02, 2021","5.26570","4.61540","5.26570","4.61540","536.29K","14.09%"
"Feb 01, 2021","4.61540","4.25490","4.61540","4.25490","584.67K","8.47%"
"Jan 31, 2021","4.25490","4.20130","4.25490","4.20130","573.23K","1.28%"
"Jan 30, 2021","4.20130","3.88590","4.20130","3.88590","595.64K","8.12%"
"Jan 29, 2021","3.88590","3.81640","3.88590","3.78910","580.35K","1.82%"
"Jan 28, 2021","3.81640","3.76440","3.81640","3.76440","528.36K","1.38%"
"Jan 27, 2021","3.76440","4.04030","4.04030","3.76440","599.54K","-6.83%"
"Jan 26, 2021","4.04030","3.70290","4.04030","3.70290","561.98K","9.11%"
"Jan 25, 2021","3.70290","3.62990","3.70290","3.54080","593.28K","2.01%"
"Jan 24, 2021","3.62990","3.49900","3.62990","3.49900","566.19K","3.74%"
"Jan 23, 2021","3.49900","3.33560","3.49900","3.33560","583.96K","4.90%"
"Jan 22, 2021","3.33560","2.97750","3.33560","2.97750","531.43K","12.03%"
"Jan 21, 2021","2.97750","3.72750","3.72750","2.97750","547.14K","-20.12%"
"Jan 20, 2021","3.72750","3.64820","3.72750","3.64820","550.24K","2.17%"
"Jan 19, 2021","3.64820","3.78380","3.93040","3.64820","571.24K","-3.58%"
"Jan 18, 2021","3.78380","3.81750","3.81750","3.78380","555.94K","-0.88%"
"Jan 17, 2021","3.81750","3.45300","3.81750","3.45300","572.83K","10.56%"
"Jan 16, 2021","3.45300","3.25660","3.45300","3.25660","607.99K","6.03%"
"Jan 15, 2021","3.25660","3.28210","3.28210","3.25660","552.94K","-0.78%"
"Jan 14, 2021","3.28210","3.53730","3.53730","3.28210","565.66K","-7.21%"
"Jan 13, 2021","3.53730","3.60800","3.60800","3.42600","586.31K","-1.96%"
"Jan 12, 2021","3.60800","3.10510","3.60800","3.10510","559.29K","16.20%"
"Jan 11, 2021","3.10510","3.45950","3.45950","3.10510","593.01K","-10.24%"
"Jan 10, 2021","3.45950","3.35950","3.73040","3.27950","566.00K","2.98%"
"Jan 09, 2021","3.35950","3.21030","3.35950","3.21030","456.12K","4.65%"
"Jan 08, 2021","3.21030","2.38180","3.21030","2.38180","561.66K","34.78%"
"Jan 07, 2021","2.38180","1.92630","2.38180","1.92630","2.83M","23.65%"
"Jan 06, 2021","1.92630","2.15960","2.15960","1.92630","1.11M","-10.80%"
"Jan 05, 2021","2.15960","2.46700","2.46700","2.15960","2.19M","-12.46%"
"Jan 04, 2021","2.46700","2.18740","2.46700","2.18740","1.26M","12.78%"
"Jan 03, 2021","2.18740","1.79570","2.18740","1.79570","1.47M","21.81%"
"Jan 02, 2021","1.79570","1.83250","1.98740","1.76590","1.50M","-2.01%"
"Jan 01, 2021","1.83250","1.51150","1.83250","1.51150","1.17M","21.24%"
"Dec 31, 2020","1.51150","1.53530","1.53530","1.51150","907.75K","-1.55%"
"Dec 30, 2020","1.53530","1.67400","1.67400","1.53530","591.66K","-8.29%"
"Dec 29, 2020","1.67400","1.51910","1.67400","1.51910","571.87K","10.20%"
"Dec 28, 2020","1.51910","1.30240","1.51910","1.30240","549.13K","16.64%"
"Dec 27, 2020","1.30240","1.32790","1.37850","1.28320","573.18K","-1.92%"
"Dec 26, 2020","1.32790","1.44430","1.44430","1.32790","562.53K","-8.06%"
"Dec 25, 2020","1.44430","1.35930","1.44430","1.35930","525.94K","6.25%"
"Dec 24, 2020","1.35930","1.20460","1.35930","1.20460","542.37K","12.84%"
"Dec 23, 2020","1.20460","1.48730","1.48730","1.20460","572.54K","-19.01%"
"Dec 22, 2020","1.48730","1.54290","1.55150","1.48130","548.86K","-3.60%"
"Dec 21, 2020","1.54290","1.56460","1.56460","1.51070","491.13K","-1.39%"
"Dec 20, 2020","1.56460","1.66780","1.66780","1.56460","574.67K","-6.19%"
"Dec 19, 2020","1.66780","1.69270","1.69270","1.66780","612.74K","-1.47%"
"Dec 18, 2020","1.69270","1.68170","1.69270","1.68170","590.61K","0.65%"
"Dec 17, 2020","1.68170","1.78120","1.78660","1.68170","552.19K","-5.59%"
"Dec 16, 2020","1.78120","1.75460","1.78120","1.67500","583.46K","1.52%"
"Dec 15, 2020","1.75460","1.70880","1.75460","1.70650","575.93K","16.36%"
"Dec 12, 2020","1.50790","1.44700","1.50790","1.44700","896.33K","4.21%"
"Dec 11, 2020","1.44700","1.57930","1.57930","1.44700","909.58K","-8.38%"
"Dec 10, 2020","1.57930","1.66300","1.66300","1.57930","890.90K","-5.03%"
"Dec 09, 2020","1.66300","1.66010","1.66300","1.66010","952.20K","0.17%"
"Dec 08, 2020","1.66010","1.83140","1.83140","1.66010","944.94K","-9.35%"
"Dec 07, 2020","1.83140","1.85240","1.87320","1.83140","1.07M","-1.13%"
"Dec 06, 2020","1.85240","1.98420","1.98420","1.85240","1.08M","-6.64%"
"Dec 05, 2020","1.98420","1.85400","1.98420","1.85400","1.07M","7.02%"
"Dec 04, 2020","1.85400","2.09940","2.09940","1.85400","1.11M","-11.69%"
"Dec 03, 2020","2.09940","2.11370","2.19180","2.09940","1.28M","-0.68%"
"Dec 02, 2020","2.11370","1.96390","2.11370","1.96390","1.18M","7.63%"
"Dec 01, 2020","1.96390","1.96360","1.96390","1.96360","1.11M","0.02%"
"Nov 30, 2020","1.96360","1.91730","1.96360","1.91520","1.05M","2.41%"
"Nov 29, 2020","1.91730","1.88720","1.92710","1.88720","1.05M","1.59%"
"Nov 28, 2020","1.88720","1.85580","1.88720","1.85580","1.14M","1.69%"
"Nov 27, 2020","1.85580","1.89030","1.89030","1.85580","1.21M","-1.83%"
"Nov 26, 2020","1.89030","2.27420","2.27420","1.84060","1.21M","-16.88%"
"Nov 25, 2020","2.27420","2.27600","2.27600","2.27420","2.92M","-0.08%"
"Nov 24, 2020","2.27600","2.27700","2.27700","2.18440","1.44M","-0.11%"
"Nov 23, 2020","2.27850","2.15250","2.29290","2.15250","1.30M","5.85%"
"Nov 22, 2020","2.15250","2.39720","2.39720","2.15250","1.29M","-10.21%"
"Nov 21, 2020","2.39720","2.10680","2.45380","2.10680","1.55M","13.78%"
"Nov 20, 2020","2.10680","2.08320","2.10680","2.08320","1.25M","1.13%"
"Nov 19, 2020","2.08320","2.12390","2.15150","2.02590","1.25M","-1.92%"
"Nov 18, 2020","2.12390","2.19910","2.19910","2.12390","1.31M","-3.42%"
"Nov 17, 2020","2.19910","2.26250","2.26250","2.16570","1.28M","-2.80%"
"Nov 16, 2020","2.26250","2.04700","2.35780","2.04700","1.25M","10.53%"
"Nov 15, 2020","2.04700","1.92130","2.15240","1.92130","1.21M","6.54%"
"Nov 14, 2020","1.92130","2.01760","2.01760","1.92130","1.08M","-4.77%"
"Nov 13, 2020","2.01760","1.90360","2.01760","1.90360","1.09M","5.99%"
"Nov 12, 2020","1.90360","2.00610","2.00610","1.90360","1.16M","-5.11%"
"Nov 11, 2020","2.00610","2.26130","2.26130","2.00610","1.25M","-11.29%"
"Nov 10, 2020","2.26130","2.03070","2.26130","2.03070","1.47M","11.36%"
"Nov 09, 2020","2.03070","2.14380","2.14380","2.02810","1.85M","-5.28%"
"Nov 08, 2020","2.14380","2.02650","2.14380","1.97500","1.75M","5.79%"
"Nov 07, 2020","2.02650","1.91500","2.12750","1.91500","2.31M","5.82%"
"Nov 06, 2020","1.91500","1.40530","1.91500","1.40530","1.22M","36.27%"
"Nov 05, 2020","1.40530","1.39510","1.48340","1.32230","761.26K","0.73%"
"Nov 04, 2020","1.39510","1.41320","1.41320","1.35700","789.62K","-1.28%"
"Nov 03, 2020","1.41320","1.48090","1.48090","1.41320","924.71K","-4.57%"
"Nov 02, 2020","1.48090","1.60250","1.60250","1.48090","903.25K","-7.59%"
"Nov 01, 2020","1.60250","1.55280","1.60250","1.53240","763.10K","3.20%"
"Oct 31, 2020","1.55280","1.44340","1.55280","1.44340","842.27K","7.58%"
"Oct 30, 2020","1.44340","1.43140","1.44340","1.43140","797.79K","0.84%"
"Oct 29, 2020","1.43140","1.51700","1.52770","1.43140","863.09K","-5.64%"
"Oct 28, 2020","1.51700","1.71930","1.71930","1.51700","873.57K","-11.77%"
"Oct 27, 2020","1.71930","1.68190","1.71930","1.66910","930.36K","2.22%"
"Oct 26, 2020","1.68190","1.79260","1.79260","1.68190","1.01M","-6.18%"
"Oct 25, 2020","1.79260","1.91140","1.91140","1.77610","1.01M","-6.22%"
"Oct 24, 2020","1.91140","1.96740","1.96740","1.91140","1.16M","-2.85%"
"Oct 23, 2020","1.96740","1.95630","1.96740","1.95630","1.05M","0.57%"
"Oct 22, 2020","1.95630","1.88760","1.95630","1.88760","1.12M","3.64%"
"Oct 21, 2020","1.88760","1.88470","1.93020","1.88470","1.03M","0.15%"
"Oct 20, 2020","1.88470","2.05700","2.05700","1.88470","1.14M","-8.38%"
"Oct 19, 2020","2.05700","2.21160","2.21160","2.05700","1.17M","-6.99%"
"Oct 18, 2020","2.21160","2.19970","2.21160","2.19970","1.19M","0.54%"
"Oct 17, 2020","2.19970","2.13180","2.19970","2.13180","1.25M","3.19%"
"Oct 16, 2020","2.13180","2.26760","2.26760","2.13180","1.27M","-5.99%"
"Oct 15, 2020","2.26760","2.31280","2.31280","2.26760","1.28M","-1.95%"
"Oct 14, 2020","2.31280","2.40980","2.40980","2.31280","1.31M","-4.03%"
"Oct 13, 2020","2.40980","2.58230","2.58230","2.40980","1.47M","-6.68%"
"Oct 12, 2020","2.58230","2.42170","2.58230","2.42170","1.44M","6.63%"
"Oct 11, 2020","2.42170","2.40360","2.42170","2.40360","1.37M","0.75%"
"Oct 10, 2020","2.40360","2.53880","2.53880","2.40360","1.45M","-5.33%"
"Oct 09, 2020","2.53880","2.37580","2.53880","2.37580","1.35M","6.86%"
"Oct 08, 2020","2.37580","2.30820","2.37580","2.24360","1.25M","2.93%"
"Oct 07, 2020","2.30820","2.17000","2.30820","2.17000","1.35M","6.37%"
"Oct 06, 2020","2.17000","2.65360","2.65360","2.17000","1.37M","-18.22%"
"Oct 05, 2020","2.65360","2.51460","2.65360","2.48920","1.49M","5.53%"
"Oct 04, 2020","2.51460","2.53830","2.54700","2.51070","1.38M","-0.93%"
"Oct 03, 2020","2.53830","2.62470","2.62470","2.53830","1.53M","-3.29%"
"Oct 02, 2020","2.62470","2.86220","2.86220","2.62470","1.47M","-8.30%"
"Oct 01, 2020","2.86220","2.89450","2.98260","2.86220","1.68M","-1.12%"
"Sep 30, 2020","2.89450","2.94480","2.94480","2.89450","1.55M","-1.71%"
"Sep 29, 2020","2.94480","2.95680","2.98370","2.93380","1.67M","-0.41%"
"Sep 28, 2020","2.95680","3.15490","3.15490","2.95680","1.71M","-6.28%"
"Sep 27, 2020","3.15490","3.12960","3.15490","3.12960","1.79M","0.81%"
"Sep 26, 2020","3.12960","3.18720","3.18720","3.08570","1.67M","-1.81%"
"Sep 25, 2020","3.18720","3.15160","3.18720","3.15160","1.73M","1.13%"
"Sep 24, 2020","3.15160","2.83980","3.15160","2.83980","1.79M","10.98%"
"Sep 23, 2020","2.83980","2.91150","2.91150","2.83980","1.63M","-2.46%"
"Sep 22, 2020","2.91150","2.76880","2.91150","2.76880","1.45M","5.15%"
"Sep 21, 2020","2.76880","2.87200","2.87200","2.65020","1.54M","-3.59%"
"Sep 20, 2020","2.87200","3.02570","3.02570","2.86630","1.70M","-5.08%"
"Sep 19, 2020","3.02570","3.10320","3.17290","3.02570","1.68M","-2.50%"
"Sep 18, 2020","3.10320","2.89660","3.10320","2.89660","1.63M","7.13%"
"Sep 17, 2020","2.89660","2.57090","2.89660","2.57090","910.45K","12.67%"
"Sep 16, 2020","2.57090","2.93590","2.93590","2.57090","1.09M","-12.43%"
"Sep 15, 2020","2.93590","3.26540","3.27640","2.93590","1.72M","-10.09%"
"Sep 14, 2020","3.26540","3.20140","3.26540","3.20140","1.82M","2.00%"
"Sep 13, 2020","3.20140","3.33080","3.33080","3.16630","1.70M","-3.88%"
"Sep 12, 2020","3.33080","3.40050","3.40050","3.23090","1.76M","-2.05%"
"Sep 11, 2020","3.40050","3.46640","3.46640","3.14620","1.71M","-1.90%"
"Sep 10, 2020","3.46640","3.62290","3.77190","3.46640","2.08M","-4.32%"
"Sep 09, 2020","3.62290","2.47980","3.62290","2.47980","1.88M","46.10%"
"Sep 08, 2020","2.47980","2.93780","2.93780","2.47980","1.38M","-15.59%"
"Sep 07, 2020","2.93780","3.04000","3.17000","2.40110","962.94K","-3.36%"
"Sep 06, 2020","3.04000","2.45430","3.04000","2.45430","1.23K","23.86%"
"Sep 05, 2020","2.45430","3.61000","3.61000","2.45430","15.16K","-32.01%"
"Sep 04, 2020","3.61000","3.97520","3.97520","3.61000","1.05M","-9.19%"
"Sep 03, 2020","3.97520","4.17040","4.17040","3.97520","1.39M","-4.68%"
"Sep 02, 2020","4.17040","4.49030","4.49030","4.11910","1.42M","-7.12%"
"Sep 01, 2020","4.49030","4.77190","4.77190","4.49030","376.61K","-5.90%"
"Aug 31, 2020","4.77190","4.45300","4.77190","4.25790","558.66K","7.16%"
"Aug 30, 2020","4.45300","3.99690","4.45300","3.99690","287.44K","11.41%"
"Aug 29, 2020","3.99690","4.01930","4.01930","3.99690","362.32K","-0.56%"
"Aug 28, 2020","4.01930","3.42690","4.01930","3.42690","560.24K","17.29%"
"Aug 27, 2020","3.42690","3.56360","3.56360","3.37080","532.27K","-3.84%"
"Aug 26, 2020","3.56360","3.26120","3.68890","3.26120","565.94K","9.27%"
"Aug 25, 2020","3.26120","3.38290","3.38290","3.18130","550.50K","-3.60%"
"Aug 24, 2020","3.38290","3.31870","3.38290","3.31870","569.31K","1.93%"
"Aug 23, 2020","3.31870","3.03650","3.36300","3.03650","565.29K","9.29%"
"Aug 22, 2020","3.03650","2.94810","3.03650","2.83410","544.17K","3.00%"
"Aug 21, 2020","2.94810","3.21720","3.21940","2.94810","420.99K","-8.36%"
"Aug 20, 2020","3.21720","2.89960","3.21720","2.89960","578.72K","10.95%"
"Aug 19, 2020","2.89960","3.31120","3.31120","2.89960","541.63K","-12.43%"
"Aug 18, 2020","3.31120","3.10030","3.31120","3.10030","605.41K","6.80%"
"Aug 17, 2020","3.10030","3.40010","3.40010","3.10030","550.86K","-8.82%"
"Aug 16, 2020","3.40010","3.19630","3.40010","3.19630","560.85K","6.38%"
"Aug 15, 2020","3.19630","3.38630","3.38630","3.19630","560.75K","-5.61%"
"Aug 14, 2020","3.38630","3.71060","3.71060","3.38630","538.20K","-8.74%"
"Aug 13, 2020","3.71060","3.73070","3.86380","3.70630","588.29K","-0.54%"
"Aug 12, 2020","3.73070","3.24300","3.73070","3.24300","558.03K","15.04%"
"Aug 11, 2020","3.24300","3.13720","3.24300","2.87480","563.25K","3.37%"
"Aug 10, 2020","3.13720","2.67760","3.13720","2.67760","575.05K","17.16%"
"Aug 09, 2020","2.67760","2.47520","2.67760","2.47520","533.66K","8.18%"
"Aug 08, 2020","2.47520","2.07340","2.47520","2.07340","591.90K","19.38%"
"Aug 07, 2020","2.07340","2.20570","2.20570","2.07340","537.24K","-6.00%"
"Aug 06, 2020","2.20570","1.76540","2.20570","1.76540","558.09K","24.94%"
"Aug 05, 2020","1.76540","1.86190","1.86190","1.76540","528.48K","-5.18%"
"Aug 04, 2020","1.86190","1.80430","1.92510","1.80430","528.79K","3.19%"
"Aug 03, 2020","1.80430","1.74510","1.80430","1.73280","560.20K","3.39%"
"Aug 02, 2020","1.74510","1.53860","1.74510","1.53860","560.17K","13.42%"
"Aug 01, 2020","1.53860","1.53830","1.56240","1.53830","567.99K","0.02%"
"Jul 31, 2020","1.53830","1.68580","1.68580","1.53830","550.93K","-8.75%"
"Jul 30, 2020","1.68580","1.65300","1.75210","1.65300","573.31K","1.98%"
"Jul 29, 2020","1.65300","1.78860","1.78860","1.65300","583.16K","-7.66%"
"Jul 28, 2020","1.79020","1.76820","1.79020","1.71910","546.86K","1.24%"
"Jul 27, 2020","1.76820","1.57410","1.81580","1.57410","584.70K","12.33%"
"Jul 26, 2020","1.57410","1.25270","1.57410","1.25270","576.11K","25.66%"
"Jul 25, 2020","1.25270","0.99790","1.33220","0.99790","547.18K","25.53%"
"Jul 24, 2020","0.99790","1.06050","1.06050","0.99790","579.39K","-5.90%"
"Jul 23, 2020","1.06050","1.04420","1.06050","1.04420","562.42K","1.56%"
"Jul 22, 2020","1.04420","0.97260","1.06560","0.97260","566.20K","7.36%"
"Jul 21, 2020","0.97260","0.87340","0.97260","0.87340","548.26K","11.36%"
"Jul 20, 2020","0.87340","0.92270","0.92270","0.87340","547.73K","-5.34%"
"Jul 19, 2020","0.92270","0.97930","0.97930","0.92270","576.93K","-5.78%"
"Jul 18, 2020","0.97930","0.97870","0.97930","0.96350","559.49K","0.06%"
"Jul 17, 2020","0.97870","0.83510","0.97870","0.83510","549.75K","17.20%"
"Jul 16, 2020","0.83510","1.29580","1.29580","0.83510","574.88K","-35.55%"
"Jul 15, 2020","1.29580","1.15590","1.29580","1.15590","565.27K","12.10%"
"Jul 14, 2020","1.15590","1.16520","1.16520","1.12360","555.01K","-0.80%"
"Jul 13, 2020","1.16520","1.01060","1.16520","1.01060","581.23K","15.30%"
"Jul 12, 2020","1.01060","0.92320","1.01060","0.92320","569.03K","9.47%"
"Jul 11, 2020","0.92320","0.91730","0.92320","0.86330","592.40K","0.64%"
"Jul 10, 2020","0.91730","0.85500","0.91730","0.85500","563.46K","7.29%"
"Jul 09, 2020","0.85500","0.78900","0.85500","0.78900","583.23K","8.37%"
"Jul 08, 2020","0.78900","0.75220","0.78900","0.75220","523.59K","4.89%"
"Jul 07, 2020","0.75220","0.70740","0.75220","0.70740","552.97K","6.33%"
"Jul 06, 2020","0.70740","0.68970","0.70740","0.68660","565.06K","2.57%"
"Jul 05, 2020","0.68970","0.78110","0.78620","0.62800","518.55K","-11.70%"
"Jul 04, 2020","0.78110","0.76570","0.82910","0.75990","598.48K","2.01%"
"Jul 03, 2020","0.76570","0.77570","0.78300","0.75220","572.78K","-1.29%"
"Jul 02, 2020","0.77570","0.82980","0.83500","0.74160","528.90K","-6.52%"
"Jul 01, 2020","0.82980","0.86660","0.90430","0.82190","545.76K","-4.25%"
"Jun 30, 2020","0.86660","0.85680","1.01020","0.84500","576.22K","1.14%"
"Jun 29, 2020","0.85680","0.79290","0.88780","0.76900","575.44K","8.26%"
"Jun 28, 2020","0.79140","0.71000","0.84640","0.68480","490.39K","11.46%"
"Jun 27, 2020","0.71000","0.74940","0.74940","0.67130","566.29K","-5.26%"
"Jun 26, 2020","0.74940","0.70770","0.75680","0.67950","533.69K","5.89%"
"Jun 25, 2020","0.70770","0.73970","0.75970","0.69500","568.21K","-4.33%"
"Jun 24, 2020","0.73970","0.70690","0.80020","0.69270","556.41K","4.64%"
"Jun 23, 2020","0.70690","0.73270","0.76720","0.69700","534.96K","-3.15%"
"Jun 22, 2020","0.72990","0.66480","0.75190","0.64260","555.21K","9.79%"
"Jun 21, 2020","0.66480","0.64620","0.75410","0.63570","544.92K","2.88%"
"Jun 20, 2020","0.64620","0.68990","0.69490","0.62340","591.24K","-6.33%"
"Jun 19, 2020","0.68990","0.61800","0.84820","0.61650","583.64K","11.63%"
"Jun 18, 2020","0.61800","0.57970","0.65370","0.57680","560.69K","6.61%"
"Jun 17, 2020","0.57970","0.58660","0.59180","0.56230","564.00K","-1.18%"
"Jun 16, 2020","0.58660","0.56730","0.58930","0.56600","577.70K","3.40%"
"Jun 15, 2020","0.56730","0.58580","0.58890","0.54160","597.24K","-3.16%"
"Jun 14, 2020","0.58580","0.61170","0.61820","0.57650","570.22K","-4.23%"
"Jun 13, 2020","0.61170","0.59100","0.61170","0.58270","533.41K","3.50%"
"Jun 12, 2020","0.59100","0.57100","0.60370","0.56630","533.67K","3.50%"
"Jun 11, 2020","0.57100","0.64410","0.64920","0.56710","577.63K","-11.35%"
"Jun 10, 2020","0.64410","0.65770","0.66990","0.63590","535.15K","-2.07%"
"Jun 09, 2020","0.65770","0.66700","0.66850","0.62040","554.35K","-1.39%"
"Jun 08, 2020","0.66700","0.60840","0.68170","0.60800","550.09K","9.63%"
"Jun 07, 2020","0.60840","0.62480","0.62560","0.59060","426.42K","-2.62%"
"Jun 06, 2020","0.62480","0.66140","0.66140","0.60870","548.27K","-5.53%"
"Jun 05, 2020","0.66140","0.58910","0.69790","0.57510","578.56K","12.27%"
"Jun 04, 2020","0.58910","0.58590","0.59040","0.56110","558.95K","0.55%"